step,wall_s,wall_ex_ckpt_s,coarse_paint_s,coarse_solve_s,membership_s,tile_loop_s,reconcile_s,migrate_s,repack_s,checkpoint_s,host_peak_gb,cpu_free_min_gb,arena_used,bricks_merged,slots_used,cap,cap_true,coarse_peak_int,vel_scale,cross_card_bytes,n_migrated_checked
0,2291.1,2291.1,,,,,,,,,861.6,127.4,,,,,,,,,
1,620.3,620.3,69.4,102.0,57.9,185.1,0.0,205.7,0.2,0.0,903.6,69.1,0,0,75598973750,26632171,24795545,381946,0.00110454819,838860800,68719476736
2,820.6,820.6,65.7,104.7,56.7,389.2,0.0,204.2,0.1,0.0,928.0,68.2,0,0,75598975952,26632171,24848886,435140,0.00111902544,838860800,68719476736
3,781.6,781.6,65.8,102.3,58.0,348.6,0.0,206.7,0.2,0.0,935.0,85.0,0,0,75598975799,26632171,24905357,498392,0.00113687878,838860800,68719476736
4,589.8,589.8,63.7,106.9,59.4,152.4,0.0,207.3,0.1,0.0,933.4,90.3,0,0,75598974574,26632171,24964093,578696,0.00116028129,1056898400,68719476736
5,585.8,585.8,66.1,106.8,57.3,149.5,0.0,206.0,0.1,0.0,933.3,91.4,0,0,75598974021,26632171,25027622,668710,0.00122786394,1056898400,68719476736
6,593.4,593.4,66.0,109.7,58.2,154.3,0.0,205.1,0.1,0.0,933.2,91.0,0,0,75598974023,26632171,25093647,827579,0.00129208009,1056898400,68719476736
7,586.9,586.9,64.6,110.4,55.3,149.7,0.0,206.8,0.1,0.0,933.4,95.3,26,1,75598972340,26632171,25164228,1024970,0.00151304502,1056898400,68719476736
8,593.1,593.1,66.9,108.6,62.7,150.0,0.0,204.8,0.1,0.0,933.4,93.8,327,1,75598974066,26632171,25237526,1269484,0.00164337547,1331608600,68719476736
9,595.7,595.7,67.7,108.1,61.0,150.9,0.0,207.9,0.1,0.0,933.2,95.3,202,2,75598971728,26632171,25317317,1476991,0.00168110279,1331608600,68719476736
10,1541.9,591.7,66.4,108.5,61.6,148.4,0.0,206.7,0.1,950.2,933.3,28.5,562,10,75598973951,26632171,25400894,1799571,0.00170956724,1331608600,68719476736
11,593.8,593.8,68.7,106.4,57.0,150.7,0.0,210.8,0.2,0.0,933.5,26.6,2858,51,75598973340,26632171,25488053,2349815,0.00183684276,1331608600,68719476736
12,598.6,598.6,70.0,108.7,60.2,150.3,0.0,209.2,0.2,0.0,933.9,91.4,11876,148,75598975636,26632171,25583847,3048654,0.00192447252,1677721600,68719476736
13,592.6,592.6,68.1,102.1,61.9,151.8,0.0,208.5,0.2,0.0,934.2,93.4,43860,410,75598972953,26632171,25682980,3759619,0.00200927423,1677721600,68719476736
14,589.7,589.7,66.4,109.0,54.4,150.1,0.0,209.7,0.1,0.0,934.8,94.5,125143,1011,75598974446,26632171,25787641,5297641,0.00228381444,1677721600,68719476736
15,598.1,598.1,69.8,107.4,56.9,148.6,0.0,215.3,0.1,0.0,935.2,91.2,266668,2051,75598973505,26632171,25898566,6211174,0.00242862219,1677721600,68719476736
16,598.9,598.9,73.2,103.0,58.8,149.1,0.0,214.7,0.1,0.0,935.5,91.5,591820,4060,75598973367,26632171,26016997,6442819,0.00257065411,1895759200,68719476736
17,592.0,592.0,73.3,99.4,57.4,147.8,0.0,213.9,0.2,0.0,935.7,91.4,1152556,7252,75598973704,26632171,26141709,7622758,0.00270608226,2113796800,68719476736
18,826.1,826.1,66.7,106.2,57.9,382.4,0.0,212.8,0.1,0.0,934.8,87.8,2188130,12380,75598973962,26632171,26273488,9660680,0.00282287488,2113796800,68719476736
19,593.9,593.9,68.6,101.6,56.8,148.4,0.0,218.4,0.1,0.0,936.2,94.6,3869252,20141,75598975611,26632171,26413835,10048077,0.00288023347,2113796800,68719476736
20,1585.9,595.3,70.6,101.8,61.0,147.4,0.0,214.4,0.1,990.6,936.3,28.5,6455986,30661,75598973927,26632171,26563565,12898659,0.0027807033,2319829450,68719476736
21,886.7,886.7,85.1,101.7,56.1,417.7,0.0,226.0,0.1,0.0,934.0,24.8,10401600,44934,75598974008,33554432,26720670,14917815,0.00292951567,2663217200,68719476736
22,869.8,869.8,69.3,111.2,58.4,400.6,0.0,230.2,0.1,0.0,946.6,65.6,15661629,62364,75598975761,33554432,26886472,15974143,0.00307425815,2663217200,68719476736
23,1024.1,1024.1,72.7,106.4,60.6,562.2,0.0,222.1,0.1,0.0,947.4,74.9,22947082,84328,75598974510,33554432,27058680,16211624,0.0029561383,2663217200,68719476736
24,913.9,913.9,67.4,108.8,57.6,459.2,0.0,220.8,0.1,0.0,951.0,82.4,31798245,108378,75598972993,33554432,27244510,16837259,0.00286570217,2663217200,68719476736
25,628.1,628.1,71.6,106.0,56.8,173.9,0.0,219.7,0.1,0.0,949.4,85.9,43210544,136760,75598973663,33554432,27443309,17795816,0.0031226817,3009330200,68719476736
26,635.3,635.3,72.5,106.4,61.9,175.9,0.0,218.5,0.1,0.0,949.9,83.5,57268669,168224,75598973932,33554432,27654286,29083110,0.00335825111,3355443200,68719476736
27,643.3,643.3,70.1,108.3,62.7,174.7,0.0,227.4,0.1,0.0,950.6,85.8,73405546,201700,75598974191,33554432,27877104,25787820,0.00326795083,3355443200,68719476736
28,639.2,639.2,75.1,101.0,62.1,175.8,0.0,225.1,0.1,0.0,944.3,98.8,91188156,236227,75598974540,33554432,28109891,25208661,0.00315529143,3355443200,68719476736
29,633.6,633.6,69.5,107.1,61.7,175.0,0.0,220.2,0.1,0.0,945.1,95.6,110134539,270406,75598975012,33554432,28350951,25756662,0.00299951025,3355443200,68719476736
30,1630.7,637.7,68.3,105.5,57.9,176.2,0.0,229.7,0.1,993.0,945.6,28.1,130270607,303208,75598973754,33554432,28596267,34628955,0.00290847372,3355443200,68719476736
31,877.6,877.6,84.7,117.9,56.4,371.8,0.0,246.7,0.1,0.0,946.2,26.1,149858395,334055,75598973442,33554432,28852607,30856647,0.00308604297,3355443200,68719476736
32,667.7,667.7,79.7,115.8,57.0,179.5,0.0,235.6,0.1,0.0,947.5,87.3,168357480,362159,75598975165,33554432,29114188,32642537,0.00325302876,3464462000,68719476736
33,656.2,656.2,75.4,115.7,57.9,176.5,0.0,230.6,0.1,0.0,947.9,86.3,185562147,386016,75598975330,33554432,29384031,31586208,0.00287095356,3573480800,68719476736
34,669.8,669.8,75.2,116.7,60.1,176.9,0.0,240.8,0.1,0.0,948.4,86.8,200381905,405624,75598974078,33554432,29667636,40751291,0.00299526485,3682499600,68719476736
35,661.1,661.1,77.9,113.7,60.6,176.7,0.0,232.1,0.1,0.0,948.8,88.3,211837415,419107,75598972528,33554432,29950906,38426276,0.00306389945,3682499600,68719476736
36,670.4,670.4,72.6,114.7,60.9,182.3,0.0,239.8,0.1,0.0,949.2,90.7,219318259,428588,75598972711,33554432,30234847,50140385,0.00277087841,3464462000,68719476736
37,660.3,660.3,76.5,113.6,58.4,175.5,0.0,236.2,0.1,0.0,949.2,89.0,222539320,430709,75598972440,33554432,30518062,45450975,0.00285859866,3464462000,68719476736
38,683.2,683.2,75.3,118.0,58.3,192.9,0.0,238.6,0.1,0.0,949.2,88.7,221352584,427881,75598973474,33554432,30803774,52760936,0.00288585792,3355443200,68719476736
39,663.3,663.3,75.1,109.3,55.8,177.6,0.0,245.4,0.1,0.0,949.7,89.1,215962250,419241,75598972680,33554432,31083418,52519079,0.00295383406,3355443200,68719476736
40,1509.0,642.5,75.3,109.9,61.6,177.6,0.0,218.0,0.1,866.5,949.6,27.6,25139893,79682,75598971608,33554432,31367736,70474060,0.0032585547,1677721600,68719476736
